"X.train","Y.train"
-1.83434424623978,9.87574777228142
0.211263938264001,0.629802955997553
0.829148994677637,14.7790119757844
0.675008614845915,-10.1776895132257
0.642911611263233,-24.0626277171991
0.873360749256777,6.65427127322689
-0.720793224103737,-12.5762564989802
-1.3140369436362,5.42555541786069
0.481884446307787,-7.35439854747966
-0.532939174134412,5.41889263915395
0.824881621096582,-5.67107847457466
-0.319309711319874,-6.68785107427733
0.770108154343246,-13.4075954891875
0.498975945163031,18.2562895473606
0.520043002660871,2.75434474881149
-0.7872085018697,-27.0142738190398
-0.195801451715999,20.3091202079449
-2.26114300246534,-16.1455986127052
-2.04091702066379,-12.8412871981792
-0.552778279031163,-12.2001829778989
-0.189334938612052,8.3119550141995
2.11135174934155,22.2830777592992
0.801426438388465,11.0111123251039
0.677208365693027,6.7362548486729
0.943638294797607,10.15383738824
0.58617807937021,12.9417653336142
-0.119570592490289,0.336970036034959
-0.390967954249144,-18.7036540209818
1.46473959790773,11.4138515511703
0.30360256776018,4.20062122496644
0.766736138188433,5.27844639827985
-0.616118345553476,-5.09599191663869
-2.08504915643233,-24.8759043211902
-0.616293464599449,-6.15720439840559
-1.24528859200003,12.2938865250826
-0.734249721079864,9.62472867431637
0.347052944709145,17.5729086579651
1.11711122158746,-15.9719462450195
0.110045423442491,-6.14221826393624
-0.149466173175016,-7.13114392456793
0.596979135850982,7.53895378897344
-1.10952583626725,2.60571769813341
-0.73588569865779,-0.760927267541552
-0.390244110935038,-7.76354183850704
0.0390895509852159,2.7788779166808
-0.533956826163584,9.17482302381498
1.73729640160386,26.0598146432812
1.79487200100278,15.6439921702244
-0.792266212808312,-7.14693463939264
2.16352026557334,18.0537093175787
0.945509939950934,8.34553214285932
-0.286506370828142,0.092911291392251
-0.286241501139767,-20.8542859579204
1.38001076710765,14.3151590335765
0.586481353421437,-8.17952128030744
0.49616452514573,0.45410483311709
-0.984146420068832,7.45543802460676
0.0290694670024749,12.0955020803263
-0.183558117590229,-21.537854260356
2.03950138168242,7.29240204766605
1.27844343982465,14.1569853187439
0.407086799318367,-14.2275492589902
1.72178935671756,3.27700582440083
0.827817069649462,-6.20403199843338
-0.640881552892828,8.39028407728485
0.445636609579379,14.0634140383613
0.57058421913457,-9.17182584270286
0.41378373399937,12.8778442047327
0.586986489228532,4.78015348559689
-1.43382006198208,-5.75245391831911
-0.824234474761147,-9.76778701092907
0.224198498028116,-10.6078280793845
-0.674274918082901,20.0990699115134
-1.87354061292127,-9.93834934290553
-0.666197916148498,11.0477549135196
-1.27931395821736,14.3223798913834
-0.445042880894209,-5.70508581080974
-0.397320421251388,9.88391213461729
-1.26527222407811,-3.68610474403296
1.66567277322668,0.538575467502769
-0.371401471530312,3.48920627167522
0.368539157530059,15.4279601062099
0.49635484011523,7.22935446482162
0.550105250820672,-2.13149904386402
-0.469475604467428,-2.07978622674633
1.92939712577923,16.4397667644239
1.18985170261183,-1.23295835135542
1.00653223754082,16.4791399333484
-2.18208727146303,-11.9464234027532
-0.377581861141396,0.321899232367436
-0.13355133847441,-6.06361213459008
-0.757629016594112,13.1003772527314
-0.106478596706764,-4.72680478471809
0.446092210521233,3.56798038228077
-3.00152008698676,-17.8142687500465
-0.0921417157916053,-14.0126275887375
-1.03020677038228,-5.88379701205996
0.0675755675436357,1.27661266508136
-0.692920526299482,7.15070320486247
-0.19761889087943,16.432585409283
-0.134270507541592,7.05906221406994
-1.5998512614163,-2.27880702845937
0.0342506164827913,-4.15466953513591
-0.46998619352224,6.46288263490107
-0.762011091804887,-1.80722736708174
-0.406541732932703,9.61045247654771
-1.3601403724131,-7.44417636116684
-0.411860970781647,-0.0396514538904882
-0.44209972232414,7.10664724371005
-0.233794279519321,-11.7677875320153
0.00739108893696791,-2.28685652447971
1.85735411269687,35.5120491318374
-0.0570459647126009,6.82136108183858
0.813495413209367,1.87872525316946
-1.12136815916783,3.59383148473149
0.390219069309083,8.11027395466693
1.23876957523785,10.2691627638047
-0.811948760545214,4.11338567916682
0.869727200400484,4.25451496597124
0.0583000976764228,-8.63947076031377
-0.191721755166195,0.877506121316538
1.02875984782043,11.1254524131905
-1.01933826563986,-11.4560590721278
0.488687053758709,3.18990209057314
-0.48220378241743,5.31280469875625
-0.653714266112235,-2.67496307352212
0.51032615025535,-5.21492833020376
0.889610049246115,11.7046839529977
-0.351762581339404,-4.18018108811473
-1.09810101429709,4.12612068168638
1.76446577728959,20.4444626077024
-1.65298489944148,-16.2106528780828
0.00691703893287573,-0.628862019432455
1.24752055574351,-2.83251368290636
-1.69469746326163,8.19886559764029
-0.158569507376583,-25.8100227441072
0.0975176491961645,4.93936708932227
-0.476323035596322,22.7809546694997
-0.888471805413624,-17.0025404367154
-0.562856034018798,-15.303822996646
1.1053014491739,-5.66905900091588
0.0533534754514083,2.79401868181354
0.690238868046757,-14.9172917416751
-0.731659224782644,-12.882186950542
0.0430023317415268,-9.77397500002853
-1.3491362127066,-0.671693542233747
-1.24848591126265,9.34923869623289
1.29937471555037,19.1480571991643
2.24775906847588,26.0985949368385
0.0265395937871198,12.2048327157906
0.849094092208221,11.7899237724662
1.08766786741731,12.7548848997802
-0.198258878920615,5.7226592645745
-0.0254187469893872,-10.4658428432542
0.596995727742034,-9.61676694157699
1.1389571102672,8.15088045721177
-0.374653885294968,-2.76622419868058
0.705225787598717,-12.2425613477101
0.107052456395445,0.939890303555637
-1.45946687790196,-7.96458716250499
0.633352590149457,-0.313844158126878
0.0702703044174878,-3.98903204436014
-0.786103662955151,-10.0222414016255
0.166402972426535,-10.2764901248351
1.02764308766388,21.3500582897164
0.792252087945294,12.6152887677923
-0.906469442879785,-13.6948967943068
-0.352782180985164,7.63662933922617
1.71884161445589,10.8873995897281
-0.422340503619957,-11.9572643160867
0.475824501994308,-5.94128233576861
0.218690921977553,-10.0229144977722
-1.37455508977523,6.96948563266655
-1.90127114270552,0.327089923840756
-2.22506457771656,-5.51173938014173
-0.597535490092345,15.0210812346322
-1.35039661269376,1.41693170145306
-2.1607413561503,-3.8765480392428
-0.728030418369049,14.4818686691489
-1.1858694054676,-2.55158756027489
-0.857895879442426,0.404018471671948
0.300599781367279,0.843863668055011
1.0419519401014,20.5147073258768
-1.60637873330174,-1.92508520383987
-0.35730517657111,-10.7403927119066
-0.122023699719891,30.2303544402955
-1.66584434641093,2.37899926620044
-1.3447648798926,-13.2987415971165
1.15102757117747,11.1602584403337
0.345229889580062,11.2956798868609
-2.96936796416918,-13.7687172102596
0.204397693741536,-4.74926124854714
1.23225745785346,8.3665822725912
-1.14780773653568,-5.44659438694351
0.24008708190075,4.67473711539754
-1.41604825151892,-16.5344312544334
0.775123278166331,5.80655199414247
-0.757570750062631,-9.11985825131939
-0.0885741352461123,6.34566929187402
-0.702455023327318,3.04144825089441
-0.620570374629084,2.63572763162251
-0.139364666395502,-11.7376495317459
-0.603278972816517,7.20956664851709
0.534793428455231,-12.4388462801161
0.850842039675343,-11.9154140819586
-2.57791570943038,4.35663876000594
0.770257295797238,8.98716946715645
2.36794501613988,43.6376345879644
0.659986143315649,1.04278847724703
-0.624894562234977,-3.55525910200585
-0.530765211404948,6.32095524527763
0.445357577055043,7.54301213247498
0.0457227740149146,16.2649169697394
0.404550175204465,5.51680699095068
-0.165276908334709,-11.2883299898554
0.159301038898959,-2.85450335550657
-0.931530106570332,-14.6623695156839
-0.360739043669529,6.15676678875026
-1.19893583062435,7.53071414911164
-0.707996590957311,2.5753478004153
-0.0296484719430118,-5.40661786168303
-0.800297883639646,-19.105528851904
-0.569012378417515,11.4228395966239
1.93666402474823,14.1150880625503
0.175061222632001,27.3634561252553
0.44357450463447,6.24401549463913
1.47917085939625,17.0291404148563
-0.948904880735466,-15.486582003336
-0.96746697899244,-6.65210737398718
-0.394060209916324,8.05214942032837
1.6337062008218,22.3255762738588
0.161997896114491,0.305432950979237
-1.38758276316499,-3.18097646835482
1.30060339362355,14.0313465940747
1.7748993631998,21.3626067333311
-1.20473873303517,-14.29682253211
-1.21042775837288,-17.0664722500864
1.29617797806224,4.31810594220546
-0.905046240618614,-3.32967926023787
0.0510000195136104,19.1411354316429
0.353848468631964,5.49414201103982
-0.58622691576692,19.2838567609496
-1.97422432178435,9.39655137629469
-1.78757238444116,3.17525461528245
-0.2117289726481,1.56326905224833
-1.35129299717235,-2.43966757146004
-1.76396471956157,-10.8669345793505
-0.387981732221823,-6.18852071069665
-0.581378305153341,1.03316863161524
0.683268336325407,30.144350646626
1.18311135118192,-6.78306838010881
0.706426028730964,7.41226944329367
0.981278837864432,-4.64649948402008
0.470141739986171,2.60054753380146
0.172396888773156,16.0171384812378
-0.845135123174444,-5.10844923650991
0.163849851634434,15.1991530594154
1.04689996630111,4.41987025775622
0.391641813645384,-4.59875965553198
-2.18790054461209,8.61499071273914
1.46102919250985,10.2969507425686
0.892472191491078,-1.00697537765525
-0.344753888944029,-5.71465700270887
-1.483522645517,-13.6521643805647
-1.00296140916923,-17.7811519975675
1.15036723812508,9.59734935595956
-0.0368490743388488,4.24706017869867
1.02623352928126,1.8638709220606
0.739281658117957,1.2497390362948
1.4786718794456,14.3402045031305
-1.80333788025806,20.9348920764867
0.545007553482246,5.70456386890836
-0.617109122768201,-17.4948968755862
-0.617662500067256,-6.35076019197106
-1.2482190254141,12.0167971029495
1.44997281838218,-0.122424060148109
-0.80716073693915,11.2727836241848
1.00382968214589,1.15525985391995
1.64733187361941,17.5421783595335
-0.12933444187202,-2.046759184636
-2.08389508493931,-7.78443384584511
0.465252973383745,-5.18822515972862
-1.0097521291265,-13.8066965994749
-0.270273662643836,-2.12955212989787
0.0659591953511873,15.1697485969388
-0.214186019053406,-1.92186595975428
0.634998094022267,1.76306309685921
-1.19009796187166,-7.00564564448136
0.266366294115384,-15.5432870643851
-1.93100601741451,3.29993970063187
0.240181613181915,-12.6847688208517
-0.378174009839055,0.715699066167078
0.341514772705986,5.80557332425502
0.0715707803695313,-24.8162979621779
-1.04442543212797,-14.1684721475658
0.872870051561426,1.50414339317791
1.09970158442657,-2.98873352425872
-1.1311541156601,-2.02295570519045
0.640629229171077,5.98509069929271
-0.177186690186759,7.39224284730111
-0.312780097961576,-4.08507266301268
-1.78822938393807,0.298762762731014
-0.720907441875488,5.7476431257584
-0.682833328710213,11.0924535699066
1.05810840049049,17.7219276215696
-0.418212260431764,2.08725889108459
-0.00728656659968922,-4.92878339127945
-0.747936704842406,-14.9834592966369
1.08516905605877,11.4752253102669
-0.528981821444702,-5.8538477421838
0.513622384075475,8.10026312243124
-0.724174355612168,-4.92907534191331
-0.717804227025701,0.378322980691896
0.580810630521878,-11.3944346070005
-2.35255616515601,10.8568971750452
-0.55957773161267,25.5453825461668
0.995409404287969,16.4082261737028
0.455639912475472,-6.37345647032781
0.30509715948605,8.31354271863858
-0.760363994378692,13.4273352194067
0.130442688621879,-16.9944363856875
0.448370410185384,-2.69794865217642
-0.198635997844526,2.32514690736799
1.50442145810991,0.488201958074159
-0.478778385418313,27.6437706874745
-0.171780019881739,-9.72703764918722
0.878727503020085,16.6961961868754
0.736658625008188,-6.84151632300953
-1.28714491608579,-4.35558693546857
0.236305023570505,10.132643736239
0.219000074062149,13.666001946435
-1.00192788167131,-0.17893863661737
1.68342141439666,23.2730917118654
0.128208239210447,4.00437129939716
1.92985473516949,23.5031029767651
0.493623308157758,-7.08606811363122
0.617314827962087,2.24878371564966
0.564216010638973,-0.639720522319837
-0.0613887950295938,6.38390376063377
-0.166676817709509,7.05047892240119
-1.85016151032035,-9.3508726172138
0.28669417867613,-12.8430934958203
-1.26058942465425,-14.4461034277266
0.613151194858857,-1.16589971231288
0.544663402796131,2.43419704170618
1.2359139647816,-7.74630693173622
1.02507850476236,-0.375025093969108
-0.927859860815974,-4.58277832099468
-0.870296526247051,10.3571653919245
1.61793066688168,18.0192798835107
0.0806622056078479,-28.5780067778657
0.223364420106851,9.25797889588546
0.189028297477056,26.1507799507339
1.32357907878196,9.15297207882639
-0.0287575760419573,17.1702777782195
-0.174868099827145,7.24789004095253
-2.53930795107233,-10.6700334385824
-0.805278174802598,-2.81509905443078
-1.31822423951957,-6.94964677447196
-0.0260218667856965,7.38238902356852
1.876934993956,25.201241276496
1.02493385223055,2.66026250791466
0.527725431827007,-2.44988997669497
-1.44058733969758,7.45884732657873
0.441053318108167,-8.58577773365505
-0.828760505109506,2.65331910769161
0.213331849584743,-4.72450739910761
0.31067692010726,5.37258766030981
-0.152710853638513,8.73223415172199
-0.426750437861663,0.529226420931695
0.79670465929791,-12.3185359300443
-0.756512617144302,7.58815800677375
0.911642244869326,7.95560954691771
1.8446730430886,32.2807707339107
0.0396355628256536,13.706341124478
0.178051796402524,14.2088853424295
-0.560862088133324,-14.6377813597211
0.722075219499637,6.63087741284405
0.449022782680893,3.05369634654026
-0.229381816206099,15.595650981373
-0.423654886708234,-8.78031109555775
-2.81368705558717,-5.50709303055068
-0.533493471631825,-16.0812521911788
-0.695197733523719,1.96005380919192
-1.41224483267134,-9.79202662607588
-0.792278472674114,-6.53763212998653
1.26528790247649,19.066367218788
-1.59052879131539,-5.95683248937422
0.0175742429644064,-2.9714194946909
-0.439970158755941,8.1655363991427
-1.34290160047563,1.02942801919844
0.147927985625083,-3.40530902247368
-0.789971643870499,-10.4514081831551
-2.41382942268196,-5.58265159641056
-0.331583626137037,10.2294898531843
0.547526548665773,15.2157473228637
0.799533703716787,13.2545383116014
1.27184840681174,15.0995006135975
0.575783431825221,-2.97221731356764
2.37269172895112,49.5287287218329
1.04139332535007,15.5991207679615
0.224631877939937,-0.438849002972022
-1.69885486350923,-16.1293085690978
0.881706541225198,7.21438159202451
-0.608933482551361,9.1881495696708
-1.85344290251197,-38.1204954792791
-1.45785810068807,-4.898265415586
1.14997282252593,-7.39310086987989
0.84844589567394,12.4650225532582
-1.04223868674294,-4.01820447186986
0.655145130196566,10.2414897869941
-0.938320960988099,-1.35065255236939
1.78856203190501,28.1957830181602
-0.622263447447353,26.2789779243085
0.119394415837778,-20.4144425146995
0.0517729020786236,-10.3511234304211
1.09879109955807,3.8552599748812
0.750863497007377,3.00912602671755
0.156644804549281,12.280191993603
-0.725751855481234,-12.2997690193137
-0.260545655137216,-9.50295491280091
0.963703265214715,-2.62343205023965
1.07689262247515,12.8355216526935
0.277458119745727,5.50324286783244
-0.354215800642634,-14.2303406619918
-0.708173514818982,5.39897546652914
0.355104054927183,1.28393075526242
0.69309291690575,2.07761815563766
0.104959724569001,8.23312074992523
-1.14322264738874,-0.554535335760911
0.0271572372938529,-5.76352091080888
-0.343652336063553,-2.19738279402264
-0.566839257100327,3.73587323464916
1.09400497187029,3.6782602824111
0.0611323300118373,-7.21321110219299
0.668249096702851,2.21671855717758
-0.518808068619067,4.86074232361906
1.17938420412849,4.4533457624588
0.0020354132052414,-1.02259533753094
0.829450160816216,-6.00674567574525
0.661356619026751,-7.81605575115589
2.12006452164787,21.332555381937
0.770062107836816,-9.64215159856329
-0.322814003793036,5.47774168708013
0.433483366158367,10.4714966327177
-0.355067012464244,0.560805871663328
0.397010114645407,6.40272622485874
-0.715343259382329,-6.68212382827065
-0.19285080397417,3.85140011018287
-1.77441673120373,-0.286230051575999
0.309323091844489,12.3352759367539
0.435329144640001,-3.45342118520651
0.726995292255361,23.3996731168565
-0.188670996975927,-5.16460026036258
0.326696978735504,-3.39395841218724
-0.653146750708001,2.12088669624387
2.70104068007557,75.7850200061215
1.21298338848249,16.8734084234158
0.0630185617575215,-1.37430100133527
0.515627162745722,4.70386600552254
-0.197675749684832,-7.06097865332774
0.198422266666241,-7.32839115287746
0.363139387110943,-1.52837819815244
-0.493959167469922,1.87391475293218
-0.749042713140174,-2.82721355655487
0.691523870688767,-3.55948464518795
-1.04892696980101,-8.56396160768288
0.587725061311238,2.61501831579579
1.11743371381382,2.44094109094574
-0.58207847171757,-11.1528937563845
0.944263418278537,2.97213642753413
1.08446144754018,2.26901483500224
-0.843126406048511,-28.6679024376056
0.921868556363327,-6.51665784562581
1.07473967404152,2.81024922520944
0.822449558429171,15.5409535628984
-0.841509514414741,2.16099496430544
-2.17813980939039,-29.2430545682396
1.42700376564876,20.3042126567132
-0.202552743261383,2.07156788171897
-1.37749581300728,8.5543909005809
-1.02438134689375,8.3358867145249
-1.87307749234316,-25.8046171958888
-1.13226800948396,5.10161251177117
0.0757329918331313,4.45180548828718
-0.542936723148672,1.21735397018861
2.32139497488766,43.3224111613943
-0.961790321748673,11.5562932216497
0.206535012716061,-11.0376259292312
1.19144452703127,-3.86284460293809
1.54041649862381,6.75898564632003
-3.25628093564869,-13.5053164355224
-0.213014556975136,-2.91283029442078
-1.03094622808511,-11.9246638705326
1.6436929385716,17.6474693356354
0.0616433826523654,10.6694602119682
1.97632646476863,21.1349100933015
-0.429044793736679,-6.38014979354661
-0.358817719058794,12.9796572064285
1.96958915108186,26.3667251308071
1.5349722050868,16.8627192450883
-2.06064175500057,7.07361354290792
-1.16398204561379,-7.17536099725953
-0.325777961015426,-0.113970003823596
1.08115646901391,4.13966440144275
0.503925557003102,-3.34624148465545
-0.923456538837585,1.77130196790023
-0.237614638178087,-11.5942504572279
0.275749990483186,5.82452214937186
-0.759609847370604,-8.80992089459905
-0.599574135505145,10.0982996320091
0.133990298840829,3.82331339226671
-1.55342575823885,-5.03293826876503
0.518545982367323,12.4207925317793
-0.93952247720766,12.4412290917167
-0.0877071319102342,-12.0296817624192
-1.14190287444501,7.83264395193733
-0.132861899458782,7.83214662240751
0.335322649085999,8.77388116863789
0.328267420333229,0.702594288873352
-0.174272438341904,4.55122421716509
-0.0551474100625599,-4.60227055676657
0.637791078126412,3.89270502376721
0.911970802827789,4.26896473381599
-0.485024842409929,-3.12576593894053
-1.4073004000771,-12.1419261778003
1.63958945947234,-9.36872300738395
-1.61364474899027,-10.2869316605737
0.830329416949024,20.2150243015171
1.30336164172324,8.91064442264261
1.70445169801764,8.50285888464606
1.51116731748501,10.1679926679177
0.0746589983423789,15.8276014624998
0.0506047991065989,10.5846922750539
-0.041085259930576,10.0956122405306
-0.513940777787355,-7.38451006746272
0.130573848913859,-1.27228493484279
-0.626097812757264,-9.52286494167966
0.383612155513986,-1.92485255687598
0.399181032774237,22.0061135363039
-2.44182855094179,-17.10169175584
0.954503587719556,-0.425880060953842
-0.0371817112988017,5.29771934609817
-2.22591633620468,9.0748740616241
0.972985068105756,10.0689633783499
-1.41014133711148,-8.58717505335822
-1.73461596717679,5.23965534432134
1.22831423033105,18.8708377733017
-2.48904922263161,-29.519359232022
0.151982654317223,-10.0415909458
1.09090937641522,2.65483166002415
-0.489328986949283,9.12647806675196
-0.798130644629788,4.12696913822959
-0.0663662853332874,-8.0750416927336
-0.230881393775775,7.66727827777731
1.82935055122866,-1.75618211754561
-0.169802939489864,0.81743540002633
0.35982770001526,-3.84720508571479
-0.161272494042946,-17.5746764100882
0.415492618152083,-3.60010289176319
0.842001193087208,1.5972323778096
-0.450022038255273,10.1847071533592
-2.08781166988489,-1.38683498615545
-0.541490328214862,5.6191179432341
0.7013338472135,5.75640752970551
0.0099101445980189,5.24823974404068
-0.272802283713605,-4.81925900800772
-0.607552840069865,3.33582349211011
1.50225539778535,18.1982252359151
1.13332414718071,15.15216293486
0.845112733902517,3.23224480790383
1.01962716215576,9.81988695334382
0.500605481023418,12.4142005094839
-1.14268649629606,-11.0945934814857
0.843024036859955,8.45625476925517
0.015768595258279,1.96464215928682
-0.917518603620159,-10.6935134404107
1.92007500501704,17.6571093240653
-0.165349552519547,-3.22645889410536
0.218506671866654,6.39111928750604
-1.20101399594274,2.94920017533144
-0.165167885732188,2.61857402508336
2.04829464544365,12.2927726095336
-0.405239457278,-8.65038947736322
0.285954393403569,24.4536399602248
0.58134846057922,-10.3113173600326
-0.0500341383605174,29.1825619551312
-0.464510483033635,-18.0699504327807
0.150371449440351,-1.16098588064608
0.701245016279544,11.0845775393908
-0.888775954038146,6.44505223938849
0.38947388512816,-1.98358754465475
-1.2288094632458,5.82914661383863
0.473596663391253,-0.858819273296447
-1.15885553438578,16.885401369641
-1.15838147738744,11.2049677690724
0.393932401036955,6.63516164534253
-0.198526362145384,5.07714153029294
1.41878844036997,9.61697861905552
0.162038307779581,13.7244708491496
0.0895338802096925,-1.94274510576528
-0.0849273708680893,-0.0570567841262075
-0.721888722483207,8.69393627173974
-0.838924750538308,-11.5388555763619
-1.50830833570492,-19.7325220158628
0.78881406684099,11.1632500841676
-0.874306451787788,2.1276374529914
0.874717073394552,-5.12632676828695
-0.917828799376925,-1.35312062450107
1.08873347693939,19.2207635588338
2.06767803548284,18.8031840042262
-0.867158711851984,1.36805547356225
1.12844143697252,7.66795394414207
0.501567057197819,12.8693902943205
1.48294784523082,10.3915543704847
1.19307371108933,-5.12519621667637
1.22982893543655,6.43747313053826
1.76885801653133,26.5592257181719
0.00829120834009549,3.58148339390271
-2.32260983329892,-13.58281513616
1.05276018432511,19.0226893155877
1.38584027820805,13.9398518025366
0.510733196298731,-13.9926169101753
0.0665784081972475,1.24798637690096
0.0400622071505751,6.8499361809226
-0.281911340504272,2.44847584147962
-0.263661410425542,10.7029544209522
0.758764664864669,7.55963978844161
0.153941026664804,13.1851444412652
3.23509111550372,59.932025181288
-0.241649200165041,10.1146290761123
-0.578328259603111,-17.5463933264917
-1.15665281856052,2.88894834911664
0.505807008761961,18.7480656698489
-1.68118115405148,-2.10168504902832
-1.04813292793118,7.07751984416432
-0.00231620352143755,10.9725752749956
-1.95940417716707,-3.95385551077681
-0.984404297802096,-7.8999154226567
1.791886087158,13.2290489069344
-0.749854886428845,-1.55935798219543
-0.0438794837500307,10.2151663537688
-1.4834585724603,-8.90214374795869
0.367453188536271,-7.46743453677727
0.1157058731825,-5.26635192958155
1.31477881823167,23.1102385166732
0.108239318815328,9.70308654427007
-0.261398520461693,-0.675853977863738
-0.611098475342653,-11.3236809417972
-1.73866480752801,1.56462804268513
-0.223838858197691,0.485306837062156
1.04628873570797,6.02389961776613
-0.837573131194266,-5.60325734062219
-1.25201884604236,-7.5188479982209
1.38797095996325,18.8044395926827
1.27655817912894,22.8663146317099
-0.0738730916877137,2.13953120006136
-0.456917693815162,4.41549731069855
2.07778045643468,8.36968079340997
1.2892641214703,-3.00335280143053
-0.60147401549101,-3.98504777918885
0.233174468279221,5.05704652325031
0.867890594203236,13.7762447038568
-0.550786706643507,6.6865893209196
-0.328495477525242,-20.9389463911268
0.216058778038774,-0.858368782518691
-2.6748592849561,-3.34555745879082
1.6040348153181,7.07965075469889
-0.483857954219144,6.55743317374943
0.876435155466739,3.99519825159562
-0.0906998667790781,-12.7226574212706
-0.312199939764695,6.73538327282322
-0.351853008339876,-1.30123266720517
2.26584005896561,29.0028358455807
1.51119389759562,19.4875194060962
0.422960184116723,-1.34741707108559
1.5444038563604,6.92661938415312
2.14479029580823,36.7527174257769
-0.457822183894415,1.87201815128872
-1.52442631425621,1.86358384582622
2.31513063346442,26.2602560441308
0.474049920572845,5.32894530693416
2.34682782888365,37.2511648264108
1.50012862753776,0.513155667425284
0.471185028638955,2.03673888062898
-0.288479863772202,-8.18344527975266
-0.637613148714352,-5.64959465259634
-0.55645509782111,0.321491597316195
-0.760981622620063,-8.70692589924044
-0.340061782063741,3.00461286055713
0.546801382368548,15.8434621972941
0.307486126658464,9.39780899166057
-1.71947367836479,10.6896966429752
-0.437548139444472,-19.1289992285655
0.562116149189652,1.32050836067081
0.618637360032738,20.5932629799291
0.745304943414431,27.4980216638606
1.34312510897554,-4.40709467957193
-1.08697210320348,0.20487206046551
-0.281806610207101,-5.64091358441502
1.65503378542222,24.1362420292206
-2.43888092212339,-1.29411317574619
0.433978631201801,5.36382158181763
2.07815005843832,14.8301175905227
0.503815543919935,16.1669974955682
0.834710885451824,16.4644697088827
-1.06918007652478,6.14576212689092
-0.293806756624477,14.7151908385058
0.134857813848997,7.36965052206094
-2.68866399127702,-10.4366889678127
1.16854985996564,18.7611219936732
-0.851815672273973,0.846123665939282
-0.395349591729167,6.6183857121245
-0.87442408606834,21.1146499860044
-0.300363700820146,5.45141002575657
0.2809295139327,2.41092355307634
0.151028012173147,-2.08220153330919
-0.93129573474525,15.353398832743
-1.43542149553906,-13.7936332381554
0.78057921033866,17.3101181673422
-0.480958433261811,22.2369087105359
0.253895131566888,8.16449270564145
1.07993247537446,-3.2561998551341
0.304530583599513,4.18130055498373
1.48821082017609,-9.05524238095154
0.440322402400481,2.76794555607802
-0.646985190717847,-18.5828788502733
0.467243344579902,-7.36894900287516
0.357938591307618,-12.1382656403384
-0.486430869701,-9.01297668090434
0.395191439277976,-10.6694854706066
-1.50979147166958,-3.35704470780499
-0.0128464896675873,-4.92498813709317
-1.07548272381572,5.68353131784083
-0.0397757324947603,-0.879708033197267
-0.934279432391051,8.70649829492067
0.467243780567227,-0.227074931906226
0.195989844888257,-6.47300736774887
-0.49498869367469,-1.52851664364281
-0.216076729921038,12.2176173107257
1.16441775350455,-0.354034570854498
0.707825195875861,3.01766918559747
-0.685489322572,13.1220466447917
-0.682680486801022,-3.122307092093
0.326123162912655,-7.71199811671173
1.17518826678015,12.9565987749687
-1.8541317042083,3.19205677335448
1.48480663909957,11.9732922463461
0.782705915357344,5.69017681991034
-0.813422768699534,8.55158522306586
0.660928944377135,-2.54263839979026
1.82589301500544,14.1878412532682
0.289410010314049,-2.36272162606663
-0.857485289139069,0.63938636509273
2.00862285799048,18.6495384548261
0.515200109134199,8.61953428907575
0.371175716249963,-1.62201257673331
0.579581947195181,5.54003667647229
1.15117866730636,-0.765388083360637
-1.38660554184568,-7.21881202111678
-1.73949460024547,-7.40397876981055
0.425662011422716,-15.2305717025995
-0.43635072519108,-18.846949076366
0.830843586568531,0.154419186364797
0.420458904022786,-1.66813226015842
0.496890409341613,12.1363551494167
-1.57144195733751,-6.55155827232802
-1.56204475507013,-16.0520573922693
1.13766373792216,10.0505918976533
0.334451047254413,2.1759734527212
-1.33860939194709,-4.70093776828598
-0.554983124056654,6.52477453199243
-0.334267998990285,-12.123132522468
0.718750841078171,12.5539839323814
-0.691839811463345,-8.08349899347024
-1.79659074894744,-23.6323320883105
-1.03131016639455,1.71239493132516
0.342073024913358,17.3244144351646
0.23802908794979,-2.44183121105564
0.244961160696554,-3.56651186621758
1.39337072497971,15.6924258104913
0.341401975159077,5.50643416401543
2.00460893317925,28.4177723219694
0.238863373870369,-17.4258963237972
-0.975624991861045,9.61124315692708
-0.429556265593343,-9.33582204141076
0.648440402573286,3.54681464990022
-0.759112708768944,3.08771869327023
0.573566348014059,19.1983637036463
-0.31676723608835,-15.6708133031037
-0.290594064933701,-6.62962862566583
-0.845198374119906,3.22429898213302
-0.318606340336465,-1.94839264112324
0.378601179529662,7.05511445758969
0.983761912698112,-5.1894343699376
0.123448492857307,-10.9865930652265
0.602056020648426,-1.4441457438077
1.01415742637234,10.5371226558958
-1.09699868741385,0.376407226842671
0.862083787753721,8.81585776779647
0.755228966255545,9.86496254970915
-1.3043948248938,14.4214700013701
-0.413449647827825,3.60058177547761
0.0051243140741324,-13.6266599898076
0.562472991168192,3.95906738348989
-2.60799532867286,-25.4404135162968
-0.763442453425152,7.77876002699978
-0.177847099598978,4.38871790599072
-1.10217270121468,-12.1551817127736
-0.362567733205471,-11.0480638678596
2.14271973010815,27.0393487702487
-1.58993741342424,-14.1280233378157
-1.05256514220185,2.14030032900479
-1.59143288050767,2.52106705925319
-0.200618847750148,12.7428771163144
-1.71280883373111,-12.6265174500321
0.0277998434126067,-4.32669945904866
1.54983836623683,-0.378436209741995
1.20176995769237,35.4211082409313
-0.921686789301861,-6.29061805116378
0.754548995665053,-8.6014890354505
1.53946431224855,7.30428954712291
0.56029874495106,3.74219032485304
-1.67466618047424,0.0833831833188379
0.287225403201574,2.0837861767588
0.692525319408375,26.2750375916883
0.101494481218174,-14.8259968954378
0.413158483505817,-4.02872267314989
0.266377451669251,-8.20830153159246
-0.331714031797371,10.7659400702234
-0.953954379202329,-2.23144166714225
0.431088342735155,-7.21610378894943
-1.38636866944008,5.97823343746287
-0.226151736552234,10.7024916148381
1.70166684150321,33.1408391745244
1.80062700047185,28.4295483777022
-0.532294119773109,14.1725991997251
1.25712549365009,5.25933815770688
1.59393536331484,24.2269928624602
-0.420921620970531,-3.90495088593212
-1.25925834025022,-28.0790560871563
0.680865645763253,15.0870593136335
1.63463796050556,20.3179954201651
-0.680650908691824,3.07900908936616
-0.159334066836781,-11.8354642294519
0.370530316303195,-8.12951866487968
0.434168926531162,-2.08898612289079
1.60682387758964,16.9923538258259
1.53357434285546,19.9209586799965
-0.685877321959277,5.60205065396964
-0.0897471734284246,-20.6374422940451
-0.0654426092761591,-10.7377852309909
0.430328652711656,-0.753781987725838
2.0959237786469,14.4481566818126
-0.542221022165828,8.41083981281207
1.07421572930259,-16.7490180531268
-0.350487231919831,16.7945006765673
-1.02286024054179,-0.196731270130677
-0.630068120926866,-0.0355922381646598
0.402692249346176,7.28787548997072
-0.33913906808326,-9.25806369850154
0.442703184847351,7.89861202952208
0.381770538147101,-11.5305903245862
1.76313998047809,13.712066694319
0.666790433741467,1.36090761654807
-0.675239825656783,2.89239333191795
-0.591616443132786,3.58488874785411
-0.188855484997846,20.5390306527489
0.62821357227789,18.4904303582276
-2.14859577502101,-9.04216993096251
-0.243980519401576,-12.1351779513747
2.27169663164086,46.9631945070324
-0.878811353313483,4.15520181010024
1.13760709373283,-6.63104098863253
-0.378455053632181,19.3331396771125
-1.42662222776585,11.2258080001806
0.890938645553261,-2.80019662747867
0.397022585131177,3.59747780553085
1.09680884362676,22.6539793502259
0.265260730523343,1.01764367985729
-0.087772767891722,1.34915800709111
-0.700239989666622,-8.37098761070504
1.92121514275173,20.3198440868126
0.689276130480627,15.2052268548829
-0.752413572935632,-13.7420395091196
0.650295110720886,8.15480890845107
-1.18100274396662,-1.63787647862048
-0.307864383853225,-14.7656805350815
0.790983386204256,5.8480771940662
-0.105329987368853,15.5555730958168
2.40915536771072,39.5046972020062
-1.58640489706357,1.40798811273495
0.170560536636675,-6.35147713429455
0.00195863860922428,7.54183351478385
0.628982649616491,-7.90287949610663
-0.272947422974471,-4.94712445881308
-2.08592856884924,-6.5535235632921
0.510639613983428,-12.6474284803973
-0.271481160661197,-5.08970900907205
0.968399684782654,7.58351005839512
1.75273606280545,25.5445400943729
0.212296375512635,-3.37720805832675
0.101846226696273,-2.21149232243871
0.0813000701770198,-7.8914677760765
0.0186459340095611,3.71887055313496
-2.15371824804809,-14.8034182371812
-1.79531472626047,15.3135493112287
-0.417720496178591,12.7217651803111
-0.943010153390845,5.36171760590377
1.45243978440752,24.3052422696249
-1.33050850568767,-1.31899333902133
-1.29954468748963,11.7797668924503
0.963935857127893,9.88766706274467
1.09961223177577,23.7010347453696
0.612243640611988,8.91413456813877
-0.721684335197493,-14.3772992904675
-0.540121532619046,2.02655267301691
0.453260321043462,-14.2200348404268
-0.493629541016061,-2.15373062274819
-0.900123471943538,2.05327700223914
-0.673963006766941,3.6993662829972
-0.7608163210373,3.6666153880851
0.795337943086012,5.81033613706492
0.271060857267484,4.23590953159399
1.2881486720267,19.163864211475
-0.95678401822681,3.46012971721075
1.5798887719549,35.4543916899421
0.273923455839662,0.4147523632775
0.0565972149967694,9.88477157860976
0.00215245268865088,-3.56941621893783
1.27348123669708,24.449383308094
0.431697807165131,11.2999970383784
0.266768414275045,-3.26985722738182
-0.789077204666802,-6.84200457931487
-1.2631629219559,3.99691871090474
0.598231079918498,14.3559531017856
-1.18801988233221,11.6617289673712
-0.635211008176652,6.78673259511277
0.728993756453092,3.43466571639058
-0.470164356499012,-2.20481760909192
0.200758228747783,-6.03942150738205
0.176353194496298,-9.7462016559377
-1.1517404924902,-18.6178404044124
-1.31250101373708,-4.16888950715178
1.20244692044186,20.6571171637293
1.10595149814819,32.2016884093283
0.70797166803711,18.5815892696711
-0.42152402046859,-1.54508547952268
0.0665451818620088,8.1236369769907
-0.230515264821928,8.38938528995246
-0.29700578363854,-9.11231123810982
-0.680580106486231,-0.656096212441643
-0.0825797357485426,13.5769492122948
1.35323716957862,3.85669811482432
0.633292984373067,2.46588649083821
0.389971192499345,17.0446225594035
1.06078028021041,21.7639137373957
0.23364188646594,11.871280096769
-0.0802346197058871,-4.15941659376889
-1.23687276347294,-22.8594356198983
0.582837942983176,17.8965194973435
-0.704815937898738,-7.68290834863501
1.86286848348109,4.85333442479204
-0.344287701166913,15.0645025421361
0.109089455986265,3.84532496082614
-1.21551094272575,3.96756641433046
-0.0250936938744941,-2.1481916325541
1.6296036876798,22.4029318872168
-1.06980728224019,-1.3865906894558
-0.29153764352733,-2.77647221262436
0.595858400821593,-8.69070090279777
1.00795706612635,37.2143683146876
0.410331165340077,12.999951981744
-0.160551890063032,1.30110003864534
-1.09126447421424,5.55867461774509
-0.65145215757914,-18.5930475668065
0.890847210247101,12.1401288817
-1.76925964045628,-15.3369846067095
-0.660245287289978,9.85142890765799
-0.391129349747037,15.2608259335064
-0.771976990108632,-1.86463714617088
0.00316096776070445,4.76210918621756
-0.668626840761482,19.9676732560189
-0.545771043773327,10.3174213001832
-1.19409021842594,0.541115549174373
-1.28894888587076,-16.4491713382109
0.673171146564205,22.8988841680601
-2.37918879946317,1.29228603279015
-0.0875855962391043,3.3085849968737
-1.62544565602995,-5.45439186508339
-0.0513175384894229,-6.04403543408556
-0.413060437443891,6.19235298768558
-1.13411133329983,-12.3816969087766
-0.249705978832221,-6.84099398025408
-0.373222247307416,14.3097220678048
1.21274708317206,8.3740147219114
0.910531126273766,6.6409810697366
-0.540886643718661,-3.46445134475005
1.88110705380161,22.8640491637304
-0.359463737163232,-14.525756927932
0.95543897132472,-11.8136812845316
-2.34145989580394,-2.49957517179175
-0.166318587842438,4.98666825100544
1.11841967427154,19.3709606860528
0.363057578051808,6.94229735522937
-0.0580103798774171,1.65166264390423
1.98556927487856,34.6982191027265
-0.00295302140663718,0.584908264090755
0.403424551244642,2.7065756176278
-0.693902010393793,14.8725622904061
-1.44641283891388,-8.7719964195373
-1.13178597854401,-0.551519889485801
0.375586062371023,4.82637083139766
0.764961213854957,9.24376324486158
1.39426300425915,10.1589028820665
0.482514874349907,0.067082419405351
1.96102128194206,37.5931551041341
0.0746866905511037,-10.2140136923959
-0.401357978829618,-9.52874231356048
1.13619625434866,-8.2618314818091
-1.04365618281427,18.0938350784431
0.407040994388004,-6.79682467138712
1.66985038586429,35.319565697632
-1.41385702868497,17.6590634984037
0.328702768213871,6.28760446142821
-0.690551677466657,0.338571860870186
0.569024132900321,3.85422911880313
0.498844793339625,6.91807112524945
-1.27557023103994,6.31015028653226
-1.27544868885398,8.94857858487651
-0.444500017119751,6.80439704042198
0.970951419006414,21.1400763243033
-0.630626219219911,-5.58192036955529
-2.10078814776377,1.37209876295092
0.129585745294972,13.6068845145254
0.911397603171763,7.78536951998051
-0.245188523100173,15.7778300945395
0.771350691431247,13.2635263799815
-0.612487238143644,16.0538285303743
-0.0909144023774586,20.5560915706787
-2.21297939937165,-9.66946081086922
0.664131552403584,9.0688409800172
0.954212547162368,-14.3401771369224
-0.391975157451454,-2.23445112765389
-0.307572406888712,4.92467670779446
-1.57515947688424,1.62170182940863
0.304563719564133,8.73356352816612
1.60085347617743,-4.65658537149246
0.196612251923295,7.94461813511605
-0.630286700604679,12.4006098985705
1.12251644817566,2.41511497081636
-0.362652890631101,-2.50066776261155
0.816070338247456,24.6111869210025
0.391974032025772,9.53168923642656
-0.460175322060965,5.48841283647658
1.01013983103083,-0.213782392133112
-0.889082981160118,-0.46776966844155
0.774403324016827,-1.16108331723844
-1.39861936775107,0.669848032850774
-0.847007992769082,-4.96783663825831
-0.73088045373214,-12.6027054719803
0.390759862302706,-4.18960036373646
-0.734045927827148,-16.6549166062661
-0.885799416617092,3.72368881526747
0.0835823161160437,-1.28666349433839
0.227532114897569,-26.5277651835027
1.1689140233714,2.69191031640059
0.443896803075713,-1.04144357285754
-0.538331663935965,-10.7156298902185
-1.18065495246094,0.158047296060657
0.797094636357938,4.96632238133755
0.470294256823374,3.79182696786988
0.189326656303914,5.4073289781504
1.62000485237691,10.3820015402125
-0.372668385438274,5.88940663103073
-2.24395316863982,-3.35978280183385
0.399045011677688,6.79178034007707
0.299311812015422,21.8816587235858
-0.535192846692398,2.99332541705232
-1.35997268549603,6.08282833294324
-0.781382290233451,10.3443498204218
-0.682903204040631,-3.87023627371619
-0.0651394549434485,-9.70757138780719
-0.0630472905832021,-20.7132048036871
1.59515197732652,12.300351616576
0.333669865783948,-2.4983588649268
-0.741770200920154,-1.45029320610879
1.06650528609323,-3.16237871265819
-1.25779501670571,5.90524009530875
0.452924876935245,-10.7613142598558
-1.47028091802792,0.263716253279456
-2.20223687728131,-10.244015000605
-1.08576536352134,3.71199440546091
-0.954985105797753,6.13390787360892
-0.175214501701433,6.4063089114245
-1.65238901221926,-16.1532403526034
0.445869896670944,13.5587482110048
0.997198355182831,12.8281902591171
0.645997869977896,-4.0586491090493
0.889241588269664,-0.490836686637151
-0.10038251799165,-2.10867268498211
-0.220032728733715,0.158963016167705
-0.65666149355421,0.121871698773197
-1.11317444930269,0.886751228717328
-0.630733705220382,5.41810479891766
-1.02131031141048,-16.8229605330491
0.756901098897658,10.3427403606107
-1.64871848940847,-4.27684787550422
-1.44274223435926,-13.4755050150729
0.440173842467135,0.243958295870934
-0.248533018118952,1.88944662683655
-0.976906300718248,-15.703632254652
0.291504946687431,-10.6360873262773
-0.702597704777407,9.67836472246188
0.616768685561696,-7.8886313783725
-0.146183740402773,-9.23530692651783
-1.48564400961271,-7.01404829616798
-1.04357187339934,12.1799329917981
1.98130917137338,22.373462990466
-0.35753001784558,-5.01151679722988
-1.09537017851446,0.00231858065910839
-0.547680352880129,6.14073258788457
-0.265845134932329,5.76302688076386
-0.094321384500873,-20.700620679952
0.577619974395895,7.05537828030569
1.22685627906442,28.1855047841298
1.60186234087782,14.791750252649
0.158621861130017,-2.73776785941796
-0.772513663738118,-5.73669088927772
-0.406069620235788,-16.3919830049832
-0.266227586741311,6.28782698371411
0.515851167322961,8.393836041258
0.75636323504147,13.6451833644257
0.305007663736984,6.71343762446752
-0.598805298702059,6.96100214615933
-1.46187582174341,17.7041005631365
0.202556279157265,-4.89933673288871
1.02833129895267,15.7242347513933
-0.490829639217533,21.2966472106487
0.994133814010433,2.52180561055536
0.803559207616207,5.90200431147012
-0.0697703146028029,11.3385642604233
1.60407623968,25.2543867716106
-0.0445080489083727,-12.0600395211911
-0.0323159898275004,-0.834422124513328
-1.45805850793242,12.8715426854669
-1.20251884308698,-1.9769636345688
0.137112579865578,-19.0536569479309
1.44971869871321,12.4041134909282
1.54676485753898,24.1765402119079
1.62428225958143,23.0245519540484
0.485288466959028,-0.864688312487726
-0.375217491170255,-3.17889727366795
-0.0984252479265899,11.3624236223955
1.00824518391179,28.2466042428364
-0.0527081135738781,-18.0942261337089
-0.935049520632046,-2.64195608500208
0.901642242020969,2.04640324727804
0.948305718375779,-11.4296629240511
-0.681663626485778,3.33130693574987
-0.325380147021975,3.99468094679223
1.35542004898432,30.2572992193194
0.676308243694784,11.7561463715404
-1.98945336789385,20.1577696753694
0.340185458514216,6.61414301400276
-0.682754442065991,-9.21351301461519
1.18887437226795,-0.439424345817251
0.604124938827061,20.6765229478382
0.218707379268809,-9.38010479956986
-0.955897031910946,-5.28063404564034
2.35826536309891,39.9426374815132
0.729710394478226,-4.86043804216584
-0.0490518528560712,-0.709395509730031
-0.346468615665862,-11.1301637959587
0.705224096915011,2.14285318363203
-1.44165042691425,-20.8469726319954
2.18740363015677,48.9569005470992
-0.0197900646708359,-1.27844067777984
-0.0306431227535459,1.42523581843401
1.02137234996832,7.70911839361282
-0.344110082011839,-17.5925735138922
-1.63167076360036,-4.95471443403218
-0.113991737848206,4.57318343475765
0.031248965360556,22.7140304676544
0.409859422431074,-11.9458227863487
1.05462264355415,4.46079463146936
2.08815644357711,29.8647003295227
-0.408381945463668,13.6260677985979
1.39485583368627,14.2201370664639
0.417767390468918,-0.213150852023051
-0.568592068596489,19.6736223080413
0.303290612239111,-13.7106477498243
0.94913566955837,11.5223798479764
-0.0993949620170414,-22.7499628515719
0.163769152187902,9.18793650273352
-0.082977166081478,0.922529896103197
0.82589123274645,19.9112431176353
-0.427764197475857,0.875352198742937
0.535265360268885,-3.02411642509426
-0.13733430641024,15.8952040704128
0.270772714167381,22.9299269213973
-0.61697067169402,10.6927204776216
-0.678175852032544,11.2453038903984
-2.04272573363001,2.94196518220056
0.890156015238393,32.1127195450854
-0.0561032525428308,2.30512029124493
-0.952335141466569,-6.3277846052941
-1.93648858303145,5.49721680056874
-0.663456003715819,-8.16020657095441
-0.16999208560189,-6.22305491006076
-0.957957247776442,6.10289775785633
-0.53709453670415,-5.56111880981903
-0.500862535040732,-0.986258003928969
-0.0575890784922234,4.95875864123512
0.113983938265191,-8.72115786793118
-0.344478455782572,23.8628520429683
-0.579043606188381,7.71360672677792
0.00604161347101693,1.14508847350208
0.0120220615799285,-4.14755928869029
-0.89876719960521,11.4728138890074
-1.37705937267236,7.43514863244735
-0.237212007357687,0.398253758293504
0.508237045622647,2.17869439931088
-1.33011997343403,7.01787990685402
0.0389348842609384,-4.17083549001744
-1.34858766767349,-19.8819412647587
-0.184238011406243,9.66793754401803
-0.416451837825504,3.39455325712575
0.226748371591071,-13.9439520231977
-1.74786636238942,-6.05879203634966
-0.0837452527406997,4.96719071664571
-1.46697741543035,2.17015233633885
0.0759963679179243,-7.76339695389903
1.22152953250517,11.4429032732567
0.282843544624548,-5.62411675296514
0.458403600231554,13.3379166501755
-0.308173228230768,9.03260368931983
0.710994454859344,5.25720333486521
-1.77586225886692,6.48329537725886
-0.622625813147262,1.15273259795922
-0.051130162634908,3.63183344754788
0.249474256664566,14.3715218866942
1.82852715814783,8.80214672811754
0.642434304925377,14.9212174182213
-1.27396585940472,10.0877501704356
0.762875190541426,9.98697925829026
1.10555888823996,2.25361870261305
0.449440725857994,-3.83051019541648
-0.215364716126431,7.24591176992176
0.584910316084033,-1.76469104878272
0.285169572293829,-10.4365495627831
-0.387048882533244,-0.268351142231014
1.33359307054425,11.5497777038767
-0.595973546763564,-15.9816103769676
-1.20746763418093,6.16632695662319
0.250552074065549,21.0310813052983
-1.58032798676529,0.3923514662539
-0.244663193084063,2.46455792317834
-0.433373524577713,-3.56501496325251
-0.57490568059934,17.653173919229
0.397811618032097,8.03671474639893
0.861024013752835,-7.5341081194256
1.16851822836831,13.0024413607802
-0.204602585101135,-5.60462713793607
-0.978725549378941,-7.66700114963028
0.207655824332798,-11.338065100389
1.43313684978186,30.2212422824441
-1.05196681439009,-4.29607958453856
1.61031402634701,4.44212006484136
-1.00737733643987,-1.81145089512985
1.26143460911189,-7.32451244001889
1.22114990486716,19.8472113287975
-0.440623067106613,-3.2442416720298
1.36792133070977,16.9167796104862
-0.908928622597675,-11.2249964236778
-2.16021508950777,-0.918028432796142
-0.581999500489738,9.62677186608642
0.436967852048962,7.77950801612514
0.393471954792445,-3.69095306755805
-0.375760625165873,-17.0964598700001
-0.613656635952414,1.3827535095654
1.12894713830406,1.54039285386232
1.44455625001189,21.2604186856705
0.996246257490809,13.045223769026
-0.298694704257179,-2.18584097447232
-1.36122913611924,-11.9788017814169
0.143928896121524,5.71369776963109
0.553166008276918,-3.24596079554446
0.684226778370008,29.630534476667
-0.983504568571985,8.98095955365716
1.16991839555043,14.3537821767671
-0.801496663586313,-11.2501386303409
0.47055729351343,-0.39582672428126
0.0662530354332172,5.4171632581137
0.292633524036423,-1.34336190545997
-1.90405451129169,-15.6019428517105
0.606464321782137,19.9068086572688
-1.20219250879969,18.868810976987
-1.31877093738695,-3.21058059850922
0.232208978561976,10.2463687393424
0.526328354139867,10.9531183271952
-0.136314729142312,-5.51175568612426
1.88771303651359,9.32659297040994
-1.64269567592299,-13.3356307088824
0.225275070388932,10.2073836223449
-1.19882677104132,-4.90411277603601
0.888940789542449,-17.9687050176253
-1.33297853880232,1.82471825756307
1.03762630707384,7.92121885355806
0.739481081059916,4.36147103691837
-1.00641284503195,14.6991583216485
0.904028685889192,5.86652719627724
-0.694299079074812,-3.84821111559508
-0.637422785597521,9.27502333028217
1.27611791899692,27.2281560364573
-0.29841360062734,8.86454700859703
2.75047321027137,45.4972343295838
-1.06659081691075,-8.00882378579511
-1.06471150524708,-10.6556230226091
-0.592143171751034,0.139641655516869
-0.47844975791822,-11.3526142091741
0.227788436271406,0.375386880982811
0.907146819242955,2.90580448879172
0.634090584608941,-0.711079739257396
0.762886548783174,3.17474418141275
2.10643486943117,40.8456508768481
0.0488658252143595,-9.59425197522343
-0.425553369477748,-3.17128064418479
-1.07494423468325,-11.9358415119634
1.83594799714482,31.8623211731751
-0.0997589441581683,-9.60670715828495
0.73989837945492,12.5397258883429
0.529652032821997,3.04565013284713
-0.612903141971712,-2.26919181570296
0.105535111879546,-1.72665042428013
0.499176152649677,4.33557447092464
0.0150657700908745,9.55580814949529
-0.0428374904921525,-0.671499561406237
-1.64767818167918,-14.3818801253837
1.27853958256706,-7.05627247188484
2.08562241193747,9.89953217148885
-1.57710120532444,3.2002372485168
1.41578671178611,8.68169618831331
2.08961752590402,32.195528045424
0.104516229708367,3.90851423278601
1.8222682917901,6.07366251108067
0.840609099582694,13.8709957641171
0.945454386801288,10.5113758182344
0.299696752684195,5.70424324023279
0.522750726447437,4.70154798760221
-1.33400461536595,-18.0665229069452
0.715706761926642,3.82571744084488
0.325845338289662,-8.45905772154148
0.605422435023423,-3.42462244039416
0.3829341555488,-10.6628096376663
0.0370373574777912,-4.3801300086764
-1.08469602596047,-3.96393623023364
0.916305495698914,13.1831461914376
-1.0314792460533,-2.50435569662115
1.76410962623344,15.5018767009547
-2.30147095223741,-10.8551456332313
1.97488751266141,13.6546550123731
0.362091789633702,4.18654391263784
0.528822318266118,-17.8796804213378
-1.25723618693535,6.94089781227084
1.02705754992004,8.87837997587006
-0.997724117392843,3.08159761871743
-0.701162035023221,-15.7623033220527
0.994437908960278,-7.36691752135118
0.571373278391552,5.68439038936821
0.322015816359335,5.81880346918107
1.55849133964516,13.4421935766661
-0.135249732037311,3.50507645281073
1.32492605704079,23.3409739879051
-1.17353307211927,-2.59208249835832
-0.711350564209134,2.52756760992366
1.31845612520126,2.60485376758408
1.37040028672188,24.9087558218083
0.410892249877207,-17.6437224614448
0.347353629329595,-16.1971089138986
-0.360459512515466,1.854288658624
-1.87980597699054,-1.78982859593654
1.30651707325167,5.11950600007863
1.50739718878557,11.2104663837131
0.246974924345217,13.7346887628495
1.198639236658,8.49013236716533
0.0897015439854867,-3.88214498185667
0.300746262341689,-4.13667992184972
-1.83324618258632,-8.73951499300447
0.192311523266371,15.1033599269975
2.67997076795946,55.1746980037115
1.86245305849506,17.2045225584118
1.85388748184863,34.3989631339891
-2.49520837565169,-7.12063755176077
0.357178270381978,13.7415824315996
0.631504796418762,-8.47855640454961
0.314110938753158,7.34010014890511
1.58862169943018,19.1101185743887
-0.163872817841121,1.97571995236737
-0.184384803493203,-4.28207675527869
0.502644356543276,-2.60180797175246
0.465871894125038,-0.0913800010441443
-0.05488282569228,-13.1956149384879
0.916203343043461,14.5030809897333
-0.192081308823742,-7.21291201511668
-1.50693805591158,10.5679398914878
-0.272603371134773,5.75002603353739
0.921115539717259,3.59761508473991
1.49278791817279,29.2771277993858
-0.509097150717925,3.17316554844403
0.335455199994901,-7.35171789000062
-1.98264952148331,0.168933327047424
1.71220154630831,23.0363976391218
1.38379952465908,-1.78627677079209
-0.87304065247762,-2.96776305555809
1.87534483012983,35.8319063505923
-0.629726823415334,-1.57325452064673
-0.823817999024507,-8.77657299192421
0.737101529327809,7.69749780461399
-0.432087522119668,-7.594484864661
0.322239253656397,11.8400344862693
1.39245443020091,8.8391908216705
1.2732824962314,10.6730235423215
2.06462049736271,22.7626135333542
-0.605534037914766,-2.81324358178225
-0.45165954591524,8.38688397217668
-1.40095526155103,6.25176841693491
-0.240340285112152,-11.0955985763566
0.0965864764514629,-15.4161258288982
1.93887195848991,26.7924172154787
-2.6664627705992,-9.53552828309396
0.232524851510448,-21.085522484309
-0.0596587855342389,11.99470388739
2.35373608925518,23.6004879802117
-0.372176208046577,1.63435707710899
0.078390474146556,-1.6801240848901
0.599045944280971,-1.1819028845463
-0.207700810908366,-0.881796887414508
-0.372852491360254,-1.11329288570999
-0.078813373041881,-2.10464637582003
-0.479330719247508,-10.2881160072676
-0.22061851240325,-15.5188754022623
2.38572732160118,21.2949888022096
-0.0497765419557421,-8.75178242140581
-0.731599459626227,-1.5645966755569
-1.31611011546301,-16.1351084617954
0.408328015734398,7.1368293557877
-1.97915607485233,4.2497411689353
0.557023369959787,-3.28241692449947
0.956498647435893,22.5232188608561
-0.103648146777967,7.85670536741309
-0.869195662598521,3.33090725434585
1.15894142896975,21.326811821396
-0.498572362713964,-7.5927833546691
0.142872261126268,-19.9626064402866
-0.574232004824263,10.7025858563552
0.0471149509616373,-11.0039692762288
-2.17858228622755,-3.69441129053586
0.135664524345187,7.10687718125259
-1.37121732077568,-6.30324998496464
-0.440848932901947,1.55787588023393
-0.0556704816896393,2.17584408318195
0.785809139512937,9.35182692854089
-0.57661245589594,15.9528258863765
-1.33497763843592,2.38206363100913
1.00563959199217,17.7822137778799
-0.0180052141519138,-4.50725317162976
-1.42010971411283,-1.46783533910251
-0.893910155341814,-24.6604472487051
1.27369127443053,5.89285224488603
0.928999645987764,12.6737355881373
1.28302882146977,17.0680334860608
0.760298337892084,33.4848769002724
-0.743224282464039,-0.793555495722636
-2.09440525007924,9.29777928068992
0.95143454184654,-1.22281028382041
1.26956865168055,8.12897317038416
-0.230196377972227,-11.3050558130459
-0.912080963266845,-8.54676758338906
-0.0439554158275417,-5.17715913032705
-0.391246773500675,-9.25855154966148
-0.760569087486661,-5.63551011232917
-0.786594564131759,10.9734104262104
-1.13765282934992,-10.8819399723616
-0.717381413811976,-9.30690519468982
-1.45466317900094,-22.2779992801786
-0.390289961570157,6.35477238637906
0.474790272607195,8.68121439680754
0.35795637506417,5.2732479409993
-0.00239548016202325,-13.6989577446368
0.834716043904942,16.3209593678541
-0.94258163508807,1.16886523602118
0.320372264455434,5.54389682576277
-0.0204273758772494,10.9038427005136
-0.227580053345571,-13.8519856904242
-0.156359702210226,11.7764907638577
0.299944865818853,1.65725279235956
-0.0631752682702381,-11.93004665323
-0.544504391999431,-5.26813079165806
-0.132142232199383,-5.85048199435195
0.209576978461486,20.3100249677333
-0.682185965599897,9.80323824286171
-1.36484629543837,-2.12839941455978
1.16216570688824,7.68706812685
1.92156701554904,10.9362966710541
-0.199437443787631,27.2777256059159
0.439874372127335,4.15136768262536
-1.41138987710615,6.87169512264864
2.32536594459702,17.747200337102
0.594524847604378,3.64096431798513
-1.18099325192591,21.3710676971766
0.567513473474331,3.22218071814211
0.622970380323868,-14.362430936653
-0.674816041886778,3.2213076979166
1.15936101431983,21.0783168325955
-0.994566086067784,-16.5364335764454
-0.662945891195874,0.551942684171904
-0.360901525526219,10.9675948531914
1.20537656188862,-1.73995282866584
-1.35257544450547,-5.1234888726153
-1.04207299475907,11.3055459478277
2.04711457647846,4.86977314149046
1.23884503011107,20.0307769576857
0.413251503119064,-2.65141603100419
0.669391473105097,10.5526339015703
1.22928910123434,13.26750565181
-0.27711793393561,12.7890829830302
0.281719025079429,-3.64727927520609
1.49351912320632,19.6438039308377
0.61382132030625,-8.64886055573202
1.32888002028154,15.0836940717303
-1.55527150541124,5.21322701255847
0.847810058023129,-14.5931125177154
-0.659585195220951,-0.852676684243879
-0.403799197804003,-0.446551014489333
0.539836808534503,0.0782405513151376
0.65005744846073,-1.0584832186788
-1.36426801779287,-4.18906399771969
-0.716354846064329,3.07071858093684
0.553238541872018,-28.7566760508285
0.122840352263509,-18.6555424705142
0.275822938923821,2.26373817082253
1.13301502483358,3.84337053048603
0.133572772782472,10.3229970593721
1.69922507763309,22.0402814065556
-0.811747387254203,-20.2838483535888
0.553807304311456,10.0981884873331
-0.727862425891345,-6.94631707516538
1.89681215121906,38.622249059524
0.0865277026464888,-4.67060028903161
0.0227598727658601,2.22934972263465
1.32782844757904,-1.47163533379718
0.503298799467997,20.4242057320775
0.804406367656871,8.12083828913239
1.28789684260116,8.21360103811763
-0.150797360324463,2.58558816999094
0.213323693713103,6.34714203807219
-0.42762768990461,6.65861518861403
-0.456711385530875,2.14735640762102
-0.0115995295333853,-3.81922409048757
0.254185640500609,3.6690162697925
0.589452710771562,6.24205393832344
1.66460998260665,12.0373758404772
-2.80440924422509,-9.08131528604352
-1.06521187551339,-6.83362281564905
0.318022535996585,-2.84486505624764
0.0492006366934223,-4.95111985023383
0.0481668051794126,-4.46172991086375
1.40960160399949,13.8266369583752
-0.257995964714426,8.83905678561205
1.62216475563209,20.2260267488673
0.63408577313963,7.35978101255305
0.915488336382556,13.3506264822209
0.663778894742572,1.34021653463988
1.10880106789242,16.4149733252746
0.16890008531482,-16.3490094754562
1.16187946737937,10.9624426350449
-0.916865213943487,9.74924676260072
-0.358501725267608,18.9789411763458
-0.180489420837333,-1.07839250217478
-1.81306522231726,-14.1127223568029
1.00179837014521,3.54264478205251
0.75576587393339,10.8059130011829
1.01787806035042,5.30093133101292
-0.93539857269286,13.2003377127202
0.0346530751258838,-17.0536771153469
0.604900592248717,-8.8193231717187
0.0982973808229677,10.0267796097546
1.23247063970215,1.49965955485831
-0.533935144255899,-3.71250349314045
0.690367631000294,-9.65438365630292
-1.47807870569688,-5.74517666441571
0.0600162673935626,-1.12646611177878
0.633106729295079,-7.38441046740005
-0.224756974984296,10.5359143440414
0.754976613805095,3.93146021058444
-0.258316396201108,-2.83320333925669
0.702856772893664,10.0291324580016
-0.117279278851906,-5.61294416098598
-1.62689929374733,-0.82267201075294
2.08780170372847,17.1773981312325
-0.85919649806253,-0.478315793898999
1.25059186576483,5.00820609373338
1.49118522717414,13.815888023638
1.02702842811857,12.94476483641
-0.750879651808442,5.45780012876665
-0.375007271439679,7.24190187456352
-0.122228524283526,-3.12785335815376
0.237821030921572,-13.935715903919
0.497925225457022,-15.4726555884944
1.20650649541769,20.5910450085991
-0.79194048613719,-9.63426966089196
-0.795380473824805,6.08090413905566
0.0715456633528077,-7.66080280605793
-0.706468432165207,-3.26097476025492
-0.13857455406721,-11.8845151295192
1.24823997929911,8.82101842214937
0.950277036797156,24.0167982892759
-0.622847470792948,-7.06177103474529
1.16383337408468,6.0371438907534
-0.135376776634681,-2.92975947428359
1.03475611811246,4.03142233244119
0.917357013633225,-7.15850263639045
0.637168963368429,6.15395896617173
0.511030721835838,-5.0323884073845
0.538925566155174,16.487853064495
-1.24232545292827,-5.41296024159457
0.611704578780625,8.90858146071119
0.0724464891324961,6.29577501442727
-1.46967351750623,8.34136779697392
-1.1304417162211,17.4003322112672
-0.662060902296016,10.1916144744693
0.107331504925235,18.6894055901177
-0.453062667873878,-1.26523515954274
-0.212816778345429,-1.91890680443971
0.144702894894451,1.92081252258844
-1.19139749812226,7.79587289283919
-1.20106037739902,13.8059051711323
0.613849010934634,14.5715162863452
0.632626123631195,-1.21555518834353
-0.203533578940245,5.27966926306015
-1.32226065979526,-2.65980819650792
2.29697257351908,29.7007438216674
0.619999361570683,0.683465957919838
-1.60747633106627,-8.73916360294028
0.360633953232095,10.0916590626181
0.742957041198074,9.60735911954902
-0.0675435519211195,-8.64727410404549
-0.736025903280081,16.2867518623075
-0.238496726458028,14.3152638153837
0.842527939638891,5.78015633765593
-1.77206296604729,4.56624913400772
0.401078190502015,-6.37817201782679
-0.430033858030612,-3.92660141145737
0.337637486396941,1.02256805694511
0.0346366265296067,1.62480083323399
-0.268814648849559,-18.7831965627277
-0.692577952553732,-4.77927233219121
-0.0347888489285797,2.84082115702776
-0.0177420466501063,5.3325579919494
-0.823310039877578,5.32074913572611
0.941432451987471,18.2493603775457
-1.50685786556018,-2.10806137467122
0.597944763033886,3.32933567734971
0.443878575006001,3.70918897073487
3.1548954474336,66.9864233787816
-0.196522435305997,-6.9810520519609
1.55051600302827,17.1323636496779
1.39533141139978,-1.68535594007867
-0.663493062531774,-12.40641735198
-0.436643319594999,13.7943052899622
-0.38776476734305,0.832976148210696
-0.429946080590427,0.325077330667869
-1.32973736622511,1.41579808818164
-0.456250298141337,7.81004403634661
0.638378832112456,10.4462302884421
0.547106191487194,20.510368611103
0.85590309147471,20.9173624617523
-1.64539191115081,-14.2017640669419
-0.0942655505291227,7.9728243073498
0.557610916461115,11.9768875540522
-1.0907837917185,-3.24656062722349
-0.833789276077555,1.2299087422781
0.604572458919247,20.6409896558078
-1.02059019301472,-8.36324199074885
0.298358323741311,-2.97606634991164
0.251117887943633,-2.56615003644558
-0.891273090545777,-10.218855152087
-1.69140072005621,-7.68078990110972
-0.728902798209378,3.16034456711132
0.196737992753035,0.240443403004528
-0.716613481311111,10.517181567602
-0.604228401755093,5.69128539044621
2.16711463176204,27.2786178585432
0.608656181381119,32.7641412001448
0.174433821480809,12.7684200372285
0.225589864626418,13.9251823212927
0.770890950660468,14.2167434363579
-0.450895616075325,14.6179681948554
1.21676743477918,11.0575583185441
0.834209349114739,-4.39343162468024
1.91293576168224,16.4123729621383
-0.590161960447184,-12.8026004847792
0.400212134489407,5.72970332950754
0.535566082578885,15.4264441397799
1.3327286226113,5.68707238974806
-1.65789025132935,-8.95197952708888
0.765100531601315,-0.929826090805721
-1.99898810992027,-5.0352611146641
1.58539230826082,7.84468136076025
0.061364456071417,11.0846612075019
-1.40878286878238,-3.98752094260318
-0.0769597893929846,1.84928721748056
-1.67987333243044,1.29227548340023
0.573661618531919,2.59859361755597
-0.985630939126561,-4.95421504494518
-0.416466862598538,4.4851325759978
-0.156797196620476,15.0193132245185
-0.306368375265464,12.405036936954
0.940856518897871,0.0308211784052466
-1.61394674632543,-16.2953294625232
0.0887510520536766,-3.67612702308893
-0.124292183603832,-3.38527153884754
-0.277570237973655,26.0993382809823
-0.575183899681683,-2.15580634500216
-0.0030944192041023,-7.46019579172456
0.700458804274404,-0.0150519389722801
0.0899556586243579,3.22815106840142
-0.616659261802372,-16.2964417030521
-0.58925463526436,0.42070945194297
-0.722363440744186,-9.93495380191003
-0.499359798341157,-15.4467418764983
0.396137000725667,3.49245755642472
-0.341914398557344,9.10084333075006
-2.17421132869249,-15.9501971997683
-0.975345154519442,-24.474542456374
-1.76031959862969,-6.57466714773709
-0.065039015420785,-5.93892944740123
-1.4725887744292,-4.8650081698998
-2.45796524405145,-11.2520076844875
1.49273508252886,19.3004619002871
0.0792570032998096,-16.0234908538845
-0.648241872647338,-11.1684301701286
1.088271749316,-1.24466152958083
-0.054907400883163,-22.0559178665718
-0.0144676158035735,-8.77524335445154
1.21834309570592,-0.0713929572997252
1.13378339284451,15.7550074244964
0.737870929320484,13.9657506994661
-1.03527934486049,-7.83010102527228
-1.80838800804188,-7.66086845305757
0.976912867264086,14.5497407481279
0.106750947917657,13.1123548876671
-0.899039122020511,1.7846671216077
0.227630448375623,6.60234258075873
-0.11312036030972,6.15434640110678
0.148494708055737,9.19330868176186
1.43738812891683,14.9444666638158
0.957141006528895,0.961328990078417
2.06237725882627,21.684472833964
1.17583923474577,2.78124396591937
-0.815459142969454,6.64595585275905
-0.0230603238603722,-11.9389883853017
1.96618336059285,33.3536428093057
0.152223701123955,5.02414944288223
-0.749059361898957,2.64961071216878
-1.2362359206003,3.20806570499283
1.53816968226121,3.41474326359028
1.204932493659,9.79297498708812
-1.50675376194449,-6.89928627158924
-1.57699004949284,-10.0518579089759
1.34023347665509,12.9588070873897
1.24652636670808,13.3932610447469
-1.51160575639808,-9.20899580758357
-0.313789676933006,-4.63530288293762
1.29619755622215,-9.93127277604936
1.54168214473173,27.4245871038475
0.207029707880378,-3.41834676637104
1.22020227034732,17.459082551466
1.12961137473298,18.679242010747
-0.500079772647462,-2.99172702475227
1.35923470323105,-0.0158422846115691
0.0203424709605029,-0.862871220274334
0.577321120165742,11.9293249969707
0.137090520762098,0.77244666010388
-2.2764414363286,-17.4513704483005
-1.11437866512421,-12.5637356183055
0.584795033710968,-4.84179357070621
0.792782721030204,9.97844360368511
-1.02617944869927,-8.95320573270814
1.67543087883312,25.9112752267505
-1.23418320616866,5.86915642559385
0.907078110025027,0.7086630867413
0.667332972278212,0.313876089278737
-0.292349641945977,-1.73602388107284
0.164654654424309,18.1037500029953
0.668825471175904,19.6229909941021
-1.59469202342686,3.85910615182348
-0.216533044708323,-2.4011803382181
0.275549603586685,-4.2861926905747
1.60304896165652,13.3597201847049
1.85904477694649,32.4351775441926
0.835105294084539,-8.33578551056547
-0.897811964118223,-7.41939628536972
-0.922259312660784,-8.7234114731851
1.28234646223519,15.2570521670751
0.90142654480798,-4.72528259351564
-0.869094883188472,3.90310923947113
-0.277846538188516,-1.16308725689591
-1.5231883526771,3.17810065136136
-0.826737159263498,-0.916726352585388
-0.671549001425769,-13.6418723507563
0.197798345708978,-5.27153827131423
-2.10332539776723,-6.32071284074577
1.49696664300306,4.80737157781184
1.63470875348745,-3.97212493418119
-1.08486579035537,-2.20384448517297
1.30472813607944,-2.45038962301363
1.33500595396803,19.4409156919096
1.89805668629455,2.95980151292891
0.605053691817984,9.23914039147969
0.123304347803551,13.591048823922
0.417910469012066,6.5876557686451
0.0111654545735618,-15.3513450949739
0.124637508948582,8.40912336824388
0.867466396420406,8.28676845965666
-0.0728902925973999,9.11429707260015
1.50747922249003,10.0197918785477
0.602216716441223,2.8946383460281
0.701212868011128,-10.8188394041199
-1.08771465776696,-14.3395323164881
-0.599667833685256,6.54620079722338
0.797018107515566,-10.2037438776047
-0.719196766570438,12.8915315841725
0.560495092105316,7.5974512763829
-0.673476131463293,-3.90656627475264
1.53416138439267,14.0631887515351
0.224023054298977,8.51001564025092
1.09815804730948,9.25175513530151
-1.24734285340127,5.13001308639399
-0.493568421605745,-11.0922561709997
-0.116975971464418,-19.0113430549078
-0.800107175495119,-17.9867546414487
-0.841786580341038,11.4080604825182
-0.0372593015619866,-0.484604354589374
-0.176725405346049,3.11368454758694
-0.627693483351785,-9.18401824053652
0.345436527795485,0.611849153454765
-0.21588032598358,8.38470210836436
-0.513252090436454,-13.2280822789971
-0.225853173308276,15.2694148335181
0.161246387954748,15.6199832454565
0.244967856992105,-1.75315914139654
-0.832218057100198,-6.62727091316022
0.69754452699814,-8.50906053880556
1.42366689300565,11.2313943617327
-0.589313556001242,-10.9029065826973
-1.35958624947626,-15.9743729685556
0.312823235413955,31.7552133242569
0.608462950025684,5.66705939177446
-0.890932946574968,0.0496686695889211
0.00478019716371888,-4.94465238884654
-0.870570270117812,-8.32844133425084
1.1314597399391,4.1676222681967
0.507868090886159,12.3910078500484
-0.345759512584263,-1.96845650655041
1.33777097802137,9.23592175040305
-0.634327012380439,9.54206962143773
-0.92172700455418,4.73556359539773
0.749141392296578,17.1367061232361
-0.810538806111146,4.48884685603222
-2.20729962164516,1.14692381479635
0.137888530075254,13.8346525143825
-0.33375680434309,17.0344787593584
-0.567822032435831,-3.94342230655667
-1.40496459650458,-1.52106331187889
-0.209271400212672,-15.9036050815526
0.740661906407729,6.13539528181181
-0.394244685158592,14.7656997257818
0.642247265358934,10.6345158389156
0.301217350514445,-1.99022290765555
-0.597046352037944,-7.9982864993352
-0.811000508582933,-6.56306128139991
-1.28960455663448,1.90817686524058
1.10873200157538,9.33188591089545
0.490973628501544,-4.68179493064132
0.801583574803641,11.393481579437
0.519043121229077,-5.77218771972228
1.46926041749086,10.63743228059
-0.0948226307643611,-1.8484460893764
-0.362304040820315,-10.883394372507
-0.179003649626492,-2.56155685752455
-0.764978400114199,17.1545927952846
-0.387971930075916,-5.03110661738196
0.00798800828791747,0.0636615234992455
1.3730518118029,4.25483383541341
1.01654798004718,-3.7963151828972
-0.545462874972457,-13.8363739027135
-1.28456847737004,-1.59553820104014
0.0688016313318326,23.3348980363702
-0.203065331769455,29.7838598760595
-1.54249320002449,5.54135337754075
0.965354198207791,24.0372436306518
-1.36464535182806,-4.8709966024036
-1.45426038599596,-3.26903266414068
0.57695437808947,18.042560217005
-0.692000897931341,5.79234232268587
-0.475161028626893,-17.1304104824723
1.50040851840927,26.5443162759544
-0.49218376763782,-7.55623263472487
-0.911399611777695,15.2699373628918
2.06797754924793,26.160401569465
-1.35944945278522,4.65501212478217
1.55626157051583,6.33295903906157
0.994918563301618,14.4692610151876
1.5228517815633,13.0480342440228
-1.922478893365,-8.62886822918009
-0.202979236970996,-10.4806793226697
-1.24613779846303,-14.4494061830734
-0.773430939716721,-0.231888037713381
1.68555955228448,19.4143086946826
0.265189209372737,-10.6361476810937
0.645682553487348,3.15208828004746
-0.937361028169633,2.3276752709354
0.508191706177752,9.09599121693948
0.591655709891741,16.0054924808558
-0.268043829634341,8.1802681693672
-1.26982248211257,23.1251121743913
0.35937057606672,5.44392432814237
-0.256049399792589,-11.6995193044846
-2.36491667818252,-11.4577327917174
0.130122710859479,-2.26094511737357
-3.05192530132774,-18.040991528955
0.55450253752694,14.3664731597261
2.11432717005296,23.2586247695266
0.243214115058137,3.22307995003664
-0.38785245585561,8.01212069498006
0.54415033950651,-1.41788023991023
-0.432335787640104,8.81124595462146
-0.354126952057606,-0.403678987560894
0.107910828631105,12.543520017323
0.285585798187067,-1.67915619161247
-0.460098572014564,-11.7070257333527
0.0152344076844944,10.0946438111918
0.370616435859567,8.61137204219731
-0.608458728193657,-10.8988532009904
1.11298855645965,14.8909264514566
-0.353255189150094,15.6569304815077
-1.55507569579252,6.50178076402709
1.12725330942484,0.140066808511845
1.48050224271571,8.49624416841106
-0.744622035706976,0.470421486201871
0.0090231761228683,6.986231043401
0.039617004208272,5.48971589013875
0.172134471502566,-2.81838940059843
1.66055922150489,25.8713586873858
0.90250446862222,-12.0739626910536
-0.199261255266891,-8.76289231995087
-0.908163798274198,6.75109402932232
-1.04925967828416,-22.3707976573358
-0.308661719809318,-0.188548819942843
0.270764050187593,2.76084973827341
0.26365499695725,20.0025207605658
-1.46957734486515,-1.19236241354704
0.505705041028228,10.334964638067
-0.543147997775332,-9.69629901785467
0.683704274628362,-7.42430224988062
2.12021054951241,15.1490882983559
0.0109809877400166,1.66606751350422
-0.00168370756302644,6.10710889884006
-2.17712540105923,-20.8691390806042
-1.10266221777341,-1.6270243753307
1.14029790121361,5.72591947112895
-0.169607048967677,5.37831349850771
1.26274504847058,10.3770151246653
-1.39897026980236,-4.04875773152605
-0.218854765888747,-6.11298611668986
0.0667397792188426,-11.4498848713012
-0.252672227451414,23.4627602596498
0.928479265587839,-9.23961104886805
-1.25519047136111,3.32190747452776
-1.46434484600663,10.1492368775248
-1.3434812611787,-10.0578414230209
-0.355374874944914,-12.2716244555025
-1.09172474989926,-5.74160895132775
0.977168312604289,14.1659824016207
1.86215798071554,16.5087926889447
-0.601310610764705,8.61856573629083
-0.0202918248401951,-16.7809750399706
0.471949394382929,-2.00276767659887
-1.94632839565293,-6.09584868121536
-0.974028707527944,-4.60009221876083
-0.370124843816115,-3.76257788656949
-1.14326396012312,-14.3960869102088
0.0743614705215629,-2.61030655726594
-0.0824995007213158,-11.6564325938016
-1.3458621301999,-11.1826928533265
0.277074483486562,-5.09754332079107
0.545612348960509,12.2112422727793
-1.61350957241082,-14.3466952290859
1.10385610156167,10.7047173995762
-1.97766561767083,5.64025252474518
-0.11684768443232,2.46853239652994
0.274309095661059,7.60102652878243
-1.31829689215628,-15.4394637770216
0.183243877481935,-8.49945688562661
0.685497124796357,3.78503294172465
0.155852007754451,-5.92039639342956
0.119060984900247,12.7188622490477
0.578515637331953,-5.9729549144602
0.345341289147989,-1.56399241398157
-1.805328426552,-5.31415529178098
0.242000875710687,19.8425057013467
-1.39883781578155,3.33312468925079
1.12011651437688,11.48820048862
-0.277710656038008,11.209402966789
-0.962321482763691,14.0808927301257
-1.02601986884845,-12.7299535765892
